{"r":28,"c":22,"s":{"x":14,"y":14},"f":{"x":7,"y":13},"h":[{"x":14,"y":15},{"x":14,"y":16},{"x":14,"y":17},{"x":14,"y":18},{"x":15,"y":18},{"x":16,"y":18},{"x":17,"y":18},{"x":17,"y":19},{"x":17,"y":20},{"x":17,"y":21},{"x":16,"y":21},{"x":16,"y":22},{"x":15,"y":22},{"x":14,"y":22},{"x":13,"y":22},{"x":12,"y":22},{"x":12,"y":23},{"x":12,"y":24},{"x":13,"y":24},{"x":14,"y":24},{"x":14,"y":25},{"x":15,"y":25},{"x":16,"y":25},{"x":16,"y":26},{"x":17,"y":26},{"x":17,"y":27},{"x":18,"y":27},{"x":19,"y":27},{"x":19,"y":26},{"x":19,"y":25},{"x":19,"y":24},{"x":20,"y":24},{"x":20,"y":25},{"x":20,"y":26},{"x":20,"y":27},{"x":21,"y":27},{"x":21,"y":26},{"x":21,"y":25},{"x":21,"y":24},{"x":21,"y":23},{"x":21,"y":22},{"x":20,"y":22},{"x":20,"y":21},{"x":20,"y":20},{"x":20,"y":19},{"x":20,"y":18},{"x":20,"y":17},{"x":20,"y":16},{"x":19,"y":16},{"x":19,"y":15},{"x":18,"y":15},{"x":18,"y":14},{"x":18,"y":13},{"x":18,"y":12},{"x":18,"y":11},{"x":17,"y":11},{"x":16,"y":11},{"x":15,"y":11},{"x":15,"y":10},{"x":15,"y":9},{"x":15,"y":8},{"x":15,"y":7},{"x":16,"y":7},{"x":17,"y":7},{"x":17,"y":6},{"x":17,"y":5},{"x":18,"y":5},{"x":18,"y":4},{"x":18,"y":3},{"x":19,"y":3},{"x":19,"y":2},{"x":18,"y":2},{"x":18,"y":1},{"x":17,"y":1},{"x":17},{"x":16},{"x":16,"y":1},{"x":15,"y":1},{"x":15},{"x":14},{"x":14,"y":1},{"x":13,"y":1},{"x":13},{"x":12},{"x":12,"y":1},{"x":11,"y":1},{"x":11,"y":2},{"x":10,"y":2},{"x":9,"y":2},{"x":8,"y":2},{"x":7,"y":2},{"x":6,"y":2},{"x":6,"y":3},{"x":5,"y":3},{"x":4,"y":3},{"x":3,"y":3},{"x":3,"y":2},{"x":3,"y":1},{"x":2,"y":1},{"x":1,"y":1},{"y":1},{"y":2},{"y":3},{"y":4},{"y":5},{"y":6},{"x":1,"y":6},{"x":1,"y":7},{"x":2,"y":7},{"x":2,"y":8},{"x":2,"y":9},{"x":2,"y":10},{"x":2,"y":11},{"x":1,"y":11},{"x":1,"y":12},{"y":12},{"y":13},{"x":1,"y":13},{"x":1,"y":14},{"y":14},{"y":15},{"y":16},{"x":1,"y":16},{"x":1,"y":17},{"x":2,"y":17},{"x":3,"y":17},{"x":3,"y":18},{"x":3,"y":19},{"x":3,"y":20},{"x":3,"y":21},{"x":2,"y":21},{"x":2,"y":22},{"x":2,"y":23},{"x":2,"y":24},{"x":1,"y":24},{"x":1,"y":25},{"y":25},{"y":26},{"y":27},{"x":1,"y":27},{"x":1,"y":26},{"x":2,"y":26},{"x":3,"y":26},{"x":3,"y":25},{"x":4,"y":25},{"x":4,"y":24},{"x":5,"y":24},{"x":5,"y":23},{"x":6,"y":23},{"x":6,"y":22},{"x":7,"y":22},{"x":7,"y":21},{"x":7,"y":20},{"x":7,"y":19},{"x":6,"y":19},{"x":6,"y":18},{"x":6,"y":17},{"x":5,"y":17},{"x":5,"y":16},{"x":5,"y":15},{"x":5,"y":14},{"x":4,"y":14},{"x":4,"y":13},{"x":4,"y":12},{"x":5,"y":12},{"x":5,"y":11},{"x":5,"y":10},{"x":5,"y":9},{"x":5,"y":8},{"x":5,"y":7},{"x":5,"y":6},{"x":6,"y":6},{"x":7,"y":6},{"x":8,"y":6},{"x":9,"y":6},{"x":10,"y":6},{"x":10,"y":5},{"x":11,"y":5},{"x":12,"y":5},{"x":12,"y":6},{"x":12,"y":7},{"x":12,"y":8},{"x":11,"y":8},{"x":11,"y":9},{"x":10,"y":9},{"x":10,"y":10},{"x":9,"y":10},{"x":9,"y":11},{"x":8,"y":11},{"x":8,"y":12},{"x":7,"y":12}],"w":[{"o":{"x":17,"y":5},"d":{"x":17,"y":6}},{"o":{"x":17,"y":6},"d":{"x":17,"y":7}},{"o":{"x":17,"y":9},"d":{"x":17,"y":10}},{"o":{"x":17,"y":13},"d":{"x":17,"y":14}},{"o":{"x":17,"y":14},"d":{"x":17,"y":15}},{"o":{"x":17,"y":15},"d":{"x":17,"y":16}},{"o":{"x":17,"y":16},"d":{"x":17,"y":17}},{"o":{"x":17,"y":19},"d":{"x":17,"y":20}},{"o":{"x":17,"y":20},"d":{"x":17,"y":21}},{"o":{"x":17,"y":22},"d":{"x":17,"y":23}},{"o":{"x":17,"y":25},"d":{"x":17,"y":26}},{"o":{"x":18,"y":6},"d":{"x":18,"y":7}},{"o":{"x":18,"y":7},"d":{"x":18,"y":8}},{"o":{"x":18,"y":8},"d":{"x":18,"y":9}},{"o":{"x":18,"y":12},"d":{"x":18,"y":13}},{"o":{"x":18,"y":13},"d":{"x":18,"y":14}},{"o":{"x":18,"y":14},"d":{"x":18,"y":15}},{"o":{"x":18,"y":15},"d":{"x":18,"y":16}},{"o":{"x":18,"y":17},"d":{"x":18,"y":18}},{"o":{"x":18,"y":18},"d":{"x":18,"y":19}},{"o":{"x":18,"y":19},"d":{"x":18,"y":20}},{"o":{"x":18,"y":20},"d":{"x":18,"y":21}},{"o":{"x":18,"y":21},"d":{"x":18,"y":22}},{"o":{"x":18,"y":23},"d":{"x":18,"y":24}},{"o":{"x":18,"y":24},"d":{"x":18,"y":25}},{"o":{"x":18,"y":26},"d":{"x":18,"y":27}},{"o":{"x":19,"y":5},"d":{"x":19,"y":6}},{"o":{"x":19,"y":11},"d":{"x":19,"y":12}},{"o":{"x":19,"y":12},"d":{"x":19,"y":13}},{"o":{"x":19,"y":13},"d":{"x":19,"y":14}},{"o":{"x":19,"y":14},"d":{"x":19,"y":15}},{"o":{"x":19,"y":16},"d":{"x":19,"y":17}},{"o":{"x":19,"y":18},"d":{"x":19,"y":19}},{"o":{"x":19,"y":19},"d":{"x":19,"y":20}},{"o":{"x":19,"y":20},"d":{"x":19,"y":21}},{"o":{"x":19,"y":21},"d":{"x":19,"y":22}},{"o":{"x":19,"y":22},"d":{"x":19,"y":23}},{"o":{"x":19,"y":23},"d":{"x":19,"y":24}},{"o":{"x":19,"y":24},"d":{"x":19,"y":25}},{"o":{"x":19,"y":25},"d":{"x":19,"y":26}},{"o":{"x":19,"y":26},"d":{"x":19,"y":27}},{"o":{"x":20,"y":5},"d":{"x":20,"y":6}},{"o":{"x":20,"y":8},"d":{"x":20,"y":9}},{"o":{"x":20,"y":9},"d":{"x":20,"y":10}},{"o":{"x":20,"y":10},"d":{"x":20,"y":11}},{"o":{"x":20,"y":11},"d":{"x":20,"y":12}},{"o":{"x":20,"y":12},"d":{"x":20,"y":13}},{"o":{"x":20,"y":13},"d":{"x":20,"y":14}},{"o":{"x":20,"y":14},"d":{"x":20,"y":15}},{"o":{"x":20,"y":15},"d":{"x":20,"y":16}},{"o":{"x":20,"y":17},"d":{"x":20,"y":18}},{"o":{"x":20,"y":18},"d":{"x":20,"y":19}},{"o":{"x":20,"y":19},"d":{"x":20,"y":20}},{"o":{"x":20,"y":20},"d":{"x":20,"y":21}},{"o":{"x":20,"y":21},"d":{"x":20,"y":22}},{"o":{"x":20,"y":22},"d":{"x":20,"y":23}},{"o":{"x":20,"y":25},"d":{"x":20,"y":26}},{"o":{"x":20,"y":26},"d":{"x":20,"y":27}},{"o":{"x":20,"y":27},"d":{"x":20,"y":28}},{"o":{"x":21,"y":5},"d":{"x":21,"y":6}},{"o":{"x":21,"y":6},"d":{"x":21,"y":7}},{"o":{"x":21,"y":7},"d":{"x":21,"y":8}},{"o":{"x":21,"y":16},"d":{"x":21,"y":17}},{"o":{"x":21,"y":17},"d":{"x":21,"y":18}},{"o":{"x":21,"y":18},"d":{"x":21,"y":19}},{"o":{"x":21,"y":19},"d":{"x":21,"y":20}},{"o":{"x":21,"y":20},"d":{"x":21,"y":21}},{"o":{"x":21,"y":23},"d":{"x":21,"y":24}},{"o":{"x":21,"y":24},"d":{"x":21,"y":25}},{"o":{"x":21,"y":26},"d":{"x":21,"y":27}},{"o":{"x":22,"y":5},"d":{"x":22,"y":6}},{"o":{"x":22,"y":6},"d":{"x":22,"y":7}},{"o":{"x":22,"y":7},"d":{"x":22,"y":8}},{"o":{"x":22,"y":8},"d":{"x":22,"y":9}},{"o":{"x":22,"y":9},"d":{"x":22,"y":10}},{"o":{"x":22,"y":10},"d":{"x":22,"y":11}},{"o":{"x":22,"y":11},"d":{"x":22,"y":12}},{"o":{"x":22,"y":12},"d":{"x":22,"y":13}},{"o":{"x":22,"y":13},"d":{"x":22,"y":14}},{"o":{"x":22,"y":14},"d":{"x":22,"y":15}},{"o":{"x":22,"y":15},"d":{"x":22,"y":16}},{"o":{"x":22,"y":16},"d":{"x":22,"y":17}},{"o":{"x":22,"y":17},"d":{"x":22,"y":18}},{"o":{"x":22,"y":18},"d":{"x":22,"y":19}},{"o":{"x":22,"y":19},"d":{"x":22,"y":20}},{"o":{"x":22,"y":20},"d":{"x":22,"y":21}},{"o":{"x":22,"y":21},"d":{"x":22,"y":22}},{"o":{"x":22,"y":22},"d":{"x":22,"y":23}},{"o":{"x":22,"y":23},"d":{"x":22,"y":24}},{"o":{"x":22,"y":24},"d":{"x":22,"y":25}},{"o":{"x":22,"y":25},"d":{"x":22,"y":26}},{"o":{"x":22,"y":26},"d":{"x":22,"y":27}},{"o":{"x":22,"y":27},"d":{"x":22,"y":28}},{"o":{"x":14,"y":6},"d":{"x":14,"y":7}},{"o":{"x":14,"y":7},"d":{"x":14,"y":8}},{"o":{"x":14,"y":8},"d":{"x":14,"y":9}},{"o":{"x":14,"y":9},"d":{"x":14,"y":10}},{"o":{"x":14,"y":10},"d":{"x":14,"y":11}},{"o":{"x":14,"y":11},"d":{"x":14,"y":12}},{"o":{"x":14,"y":12},"d":{"x":14,"y":13}},{"o":{"x":14,"y":14},"d":{"x":14,"y":15}},{"o":{"x":14,"y":15},"d":{"x":14,"y":16}},{"o":{"x":14,"y":16},"d":{"x":14,"y":17}},{"o":{"x":14,"y":17},"d":{"x":14,"y":18}},{"o":{"x":14,"y":18},"d":{"x":14,"y":19}},{"o":{"x":14,"y":19},"d":{"x":14,"y":20}},{"o":{"x":14,"y":25},"d":{"x":14,"y":26}},{"o":{"x":14,"y":26},"d":{"x":14,"y":27}},{"o":{"x":15,"y":5},"d":{"x":15,"y":6}},{"o":{"x":15,"y":7},"d":{"x":15,"y":8}},{"o":{"x":15,"y":8},"d":{"x":15,"y":9}},{"o":{"x":15,"y":9},"d":{"x":15,"y":10}},{"o":{"x":15,"y":10},"d":{"x":15,"y":11}},{"o":{"x":15,"y":11},"d":{"x":15,"y":12}},{"o":{"x":15,"y":14},"d":{"x":15,"y":15}},{"o":{"x":15,"y":15},"d":{"x":15,"y":16}},{"o":{"x":15,"y":16},"d":{"x":15,"y":17}},{"o":{"x":15,"y":17},"d":{"x":15,"y":18}},{"o":{"x":15,"y":20},"d":{"x":15,"y":21}},{"o":{"x":15,"y":27},"d":{"x":15,"y":28}},{"o":{"x":16,"y":5},"d":{"x":16,"y":6}},{"o":{"x":16,"y":6},"d":{"x":16,"y":7}},{"o":{"x":16,"y":8},"d":{"x":16,"y":9}},{"o":{"x":16,"y":9},"d":{"x":16,"y":10}},{"o":{"x":16,"y":10},"d":{"x":16,"y":11}},{"o":{"x":16,"y":13},"d":{"x":16,"y":14}},{"o":{"x":16,"y":14},"d":{"x":16,"y":15}},{"o":{"x":16,"y":15},"d":{"x":16,"y":16}},{"o":{"x":16,"y":16},"d":{"x":16,"y":17}},{"o":{"x":16,"y":21},"d":{"x":16,"y":22}},{"o":{"x":16,"y":26},"d":{"x":16,"y":27}},{"o":{"x":8,"y":5},"d":{"x":8,"y":6}},{"o":{"x":8,"y":7},"d":{"x":8,"y":8}},{"o":{"x":8,"y":9},"d":{"x":8,"y":10}},{"o":{"x":8,"y":11},"d":{"x":8,"y":12}},{"o":{"x":8,"y":13},"d":{"x":8,"y":14}},{"o":{"x":8,"y":14},"d":{"x":8,"y":15}},{"o":{"x":8,"y":19},"d":{"x":8,"y":20}},{"o":{"x":8,"y":20},"d":{"x":8,"y":21}},{"o":{"x":8,"y":21},"d":{"x":8,"y":22}},{"o":{"x":8,"y":22},"d":{"x":8,"y":23}},{"o":{"x":8,"y":23},"d":{"x":8,"y":24}},{"o":{"x":8,"y":24},"d":{"x":8,"y":25}},{"o":{"x":8,"y":25},"d":{"x":8,"y":26}},{"o":{"x":8,"y":26},"d":{"x":8,"y":27}},{"o":{"x":9,"y":8},"d":{"x":9,"y":9}},{"o":{"x":9,"y":10},"d":{"x":9,"y":11}},{"o":{"x":9,"y":12},"d":{"x":9,"y":13}},{"o":{"x":9,"y":15},"d":{"x":9,"y":16}},{"o":{"x":9,"y":16},"d":{"x":9,"y":17}},{"o":{"x":9,"y":17},"d":{"x":9,"y":18}},{"o":{"x":9,"y":18},"d":{"x":9,"y":19}},{"o":{"x":9,"y":23},"d":{"x":9,"y":24}},{"o":{"x":9,"y":24},"d":{"x":9,"y":25}},{"o":{"x":9,"y":25},"d":{"x":9,"y":26}},{"o":{"x":9,"y":26},"d":{"x":9,"y":27}},{"o":{"x":9,"y":27},"d":{"x":9,"y":28}},{"o":{"x":10,"y":5},"d":{"x":10,"y":6}},{"o":{"x":10,"y":7},"d":{"x":10,"y":8}},{"o":{"x":10,"y":9},"d":{"x":10,"y":10}},{"o":{"x":10,"y":11},"d":{"x":10,"y":12}},{"o":{"x":10,"y":13},"d":{"x":10,"y":14}},{"o":{"x":10,"y":14},"d":{"x":10,"y":15}},{"o":{"x":10,"y":16},"d":{"x":10,"y":17}},{"o":{"x":10,"y":19},"d":{"x":10,"y":20}},{"o":{"x":10,"y":20},"d":{"x":10,"y":21}},{"o":{"x":10,"y":21},"d":{"x":10,"y":22}},{"o":{"x":10,"y":23},"d":{"x":10,"y":24}},{"o":{"x":10,"y":24},"d":{"x":10,"y":25}},{"o":{"x":10,"y":25},"d":{"x":10,"y":26}},{"o":{"x":10,"y":26},"d":{"x":10,"y":27}},{"o":{"x":11,"y":6},"d":{"x":11,"y":7}},{"o":{"x":11,"y":8},"d":{"x":11,"y":9}},{"o":{"x":11,"y":10},"d":{"x":11,"y":11}},{"o":{"x":11,"y":12},"d":{"x":11,"y":13}},{"o":{"x":11,"y":15},"d":{"x":11,"y":16}},{"o":{"x":11,"y":17},"d":{"x":11,"y":18}},{"o":{"x":11,"y":18},"d":{"x":11,"y":19}},{"o":{"x":11,"y":19},"d":{"x":11,"y":20}},{"o":{"x":11,"y":21},"d":{"x":11,"y":22}},{"o":{"x":11,"y":22},"d":{"x":11,"y":23}},{"o":{"x":11,"y":27},"d":{"x":11,"y":28}},{"o":{"x":12,"y":6},"d":{"x":12,"y":7}},{"o":{"x":12,"y":7},"d":{"x":12,"y":8}},{"o":{"x":12,"y":9},"d":{"x":12,"y":10}},{"o":{"x":12,"y":11},"d":{"x":12,"y":12}},{"o":{"x":12,"y":12},"d":{"x":12,"y":13}},{"o":{"x":12,"y":13},"d":{"x":12,"y":14}},{"o":{"x":12,"y":15},"d":{"x":12,"y":16}},{"o":{"x":12,"y":16},"d":{"x":12,"y":17}},{"o":{"x":12,"y":17},"d":{"x":12,"y":18}},{"o":{"x":12,"y":18},"d":{"x":12,"y":19}},{"o":{"x":12,"y":20},"d":{"x":12,"y":21}},{"o":{"x":12,"y":22},"d":{"x":12,"y":23}},{"o":{"x":12,"y":23},"d":{"x":12,"y":24}},{"o":{"x":12,"y":24},"d":{"x":12,"y":25}},{"o":{"x":12,"y":26},"d":{"x":12,"y":27}},{"o":{"x":13,"y":5},"d":{"x":13,"y":6}},{"o":{"x":13,"y":6},"d":{"x":13,"y":7}},{"o":{"x":13,"y":7},"d":{"x":13,"y":8}},{"o":{"x":13,"y":8},"d":{"x":13,"y":9}},{"o":{"x":13,"y":9},"d":{"x":13,"y":10}},{"o":{"x":13,"y":10},"d":{"x":13,"y":11}},{"o":{"x":13,"y":13},"d":{"x":13,"y":14}},{"o":{"x":13,"y":14},"d":{"x":13,"y":15}},{"o":{"x":13,"y":19},"d":{"x":13,"y":20}},{"o":{"x":13,"y":20},"d":{"x":13,"y":21}},{"o":{"x":13,"y":21},"d":{"x":13,"y":22}},{"o":{"x":13,"y":23},"d":{"x":13,"y":24}},{"o":{"x":13,"y":26},"d":{"x":13,"y":27}},{"o":{"x":13,"y":27},"d":{"x":13,"y":28}},{"o":{"x":5,"y":6},"d":{"x":5,"y":7}},{"o":{"x":5,"y":7},"d":{"x":5,"y":8}},{"o":{"x":5,"y":8},"d":{"x":5,"y":9}},{"o":{"x":5,"y":9},"d":{"x":5,"y":10}},{"o":{"x":5,"y":10},"d":{"x":5,"y":11}},{"o":{"x":5,"y":11},"d":{"x":5,"y":12}},{"o":{"x":5,"y":13},"d":{"x":5,"y":14}},{"o":{"x":5,"y":15},"d":{"x":5,"y":16}},{"o":{"x":5,"y":16},"d":{"x":5,"y":17}},{"o":{"x":5,"y":17},"d":{"x":5,"y":18}},{"o":{"x":5,"y":23},"d":{"x":5,"y":24}},{"o":{"x":5,"y":25},"d":{"x":5,"y":26}},{"o":{"x":6,"y":5},"d":{"x":6,"y":6}},{"o":{"x":6,"y":7},"d":{"x":6,"y":8}},{"o":{"x":6,"y":8},"d":{"x":6,"y":9}},{"o":{"x":6,"y":9},"d":{"x":6,"y":10}},{"o":{"x":6,"y":10},"d":{"x":6,"y":11}},{"o":{"x":6,"y":11},"d":{"x":6,"y":12}},{"o":{"x":6,"y":12},"d":{"x":6,"y":13}},{"o":{"x":6,"y":14},"d":{"x":6,"y":15}},{"o":{"x":6,"y":15},"d":{"x":6,"y":16}},{"o":{"x":6,"y":16},"d":{"x":6,"y":17}},{"o":{"x":6,"y":18},"d":{"x":6,"y":19}},{"o":{"x":6,"y":19},"d":{"x":6,"y":20}},{"o":{"x":6,"y":22},"d":{"x":6,"y":23}},{"o":{"x":6,"y":24},"d":{"x":6,"y":25}},{"o":{"x":6,"y":26},"d":{"x":6,"y":27}},{"o":{"x":7,"y":8},"d":{"x":7,"y":9}},{"o":{"x":7,"y":9},"d":{"x":7,"y":10}},{"o":{"x":7,"y":10},"d":{"x":7,"y":11}},{"o":{"x":7,"y":11},"d":{"x":7,"y":12}},{"o":{"x":7,"y":12},"d":{"x":7,"y":13}},{"o":{"x":7,"y":13},"d":{"x":7,"y":14}},{"o":{"x":7,"y":14},"d":{"x":7,"y":15}},{"o":{"x":7,"y":15},"d":{"x":7,"y":16}},{"o":{"x":7,"y":16},"d":{"x":7,"y":17}},{"o":{"x":7,"y":17},"d":{"x":7,"y":18}},{"o":{"x":7,"y":18},"d":{"x":7,"y":19}},{"o":{"x":7,"y":20},"d":{"x":7,"y":21}},{"o":{"x":7,"y":21},"d":{"x":7,"y":22}},{"o":{"x":7,"y":23},"d":{"x":7,"y":24}},{"o":{"x":7,"y":25},"d":{"x":7,"y":26}},{"o":{"x":4,"y":5},"d":{"x":4,"y":6}},{"o":{"x":4,"y":12},"d":{"x":4,"y":13}},{"o":{"x":4,"y":13},"d":{"x":4,"y":14}},{"o":{"x":4,"y":14},"d":{"x":4,"y":15}},{"o":{"x":4,"y":16},"d":{"x":4,"y":17}},{"o":{"x":4,"y":17},"d":{"x":4,"y":18}},{"o":{"x":4,"y":18},"d":{"x":4,"y":19}},{"o":{"x":4,"y":19},"d":{"x":4,"y":20}},{"o":{"x":4,"y":20},"d":{"x":4,"y":21}},{"o":{"x":4,"y":21},"d":{"x":4,"y":22}},{"o":{"x":4,"y":22},"d":{"x":4,"y":23}},{"o":{"x":4,"y":24},"d":{"x":4,"y":25}},{"o":{"x":13,"y":15},"d":{"x":12,"y":15}},{"o":{"x":11,"y":15},"d":{"x":10,"y":15}},{"o":{"x":9,"y":15},"d":{"x":8,"y":15}},{"o":{"x":5,"y":15},"d":{"x":4,"y":15}},{"o":{"x":22,"y":15},"d":{"x":21,"y":15}},{"o":{"x":19,"y":16},"d":{"x":18,"y":16}},{"o":{"x":14,"y":16},"d":{"x":13,"y":16}},{"o":{"x":12,"y":16},"d":{"x":11,"y":16}},{"o":{"x":10,"y":16},"d":{"x":9,"y":16}},{"o":{"x":8,"y":16},"d":{"x":7,"y":16}},{"o":{"x":21,"y":16},"d":{"x":20,"y":16}},{"o":{"x":18,"y":17},"d":{"x":17,"y":17}},{"o":{"x":13,"y":17},"d":{"x":12,"y":17}},{"o":{"x":11,"y":17},"d":{"x":10,"y":17}},{"o":{"x":9,"y":17},"d":{"x":8,"y":17}},{"o":{"x":20,"y":17},"d":{"x":19,"y":17}},{"o":{"x":19,"y":18},"d":{"x":18,"y":18}},{"o":{"x":18,"y":18},"d":{"x":17,"y":18}},{"o":{"x":17,"y":18},"d":{"x":16,"y":18}},{"o":{"x":16,"y":18},"d":{"x":15,"y":18}},{"o":{"x":14,"y":18},"d":{"x":13,"y":18}},{"o":{"x":11,"y":18},"d":{"x":10,"y":18}},{"o":{"x":8,"y":18},"d":{"x":7,"y":18}},{"o":{"x":6,"y":18},"d":{"x":5,"y":18}},{"o":{"x":17,"y":19},"d":{"x":16,"y":19}},{"o":{"x":16,"y":19},"d":{"x":15,"y":19}},{"o":{"x":15,"y":19},"d":{"x":14,"y":19}},{"o":{"x":13,"y":19},"d":{"x":12,"y":19}},{"o":{"x":10,"y":19},"d":{"x":9,"y":19}},{"o":{"x":8,"y":19},"d":{"x":7,"y":19}},{"o":{"x":5,"y":19},"d":{"x":4,"y":19}},{"o":{"x":16,"y":20},"d":{"x":15,"y":20}},{"o":{"x":12,"y":20},"d":{"x":11,"y":20}},{"o":{"x":9,"y":20},"d":{"x":8,"y":20}},{"o":{"x":7,"y":20},"d":{"x":6,"y":20}},{"o":{"x":6,"y":20},"d":{"x":5,"y":20}},{"o":{"x":17,"y":21},"d":{"x":16,"y":21}},{"o":{"x":15,"y":21},"d":{"x":14,"y":21}},{"o":{"x":14,"y":21},"d":{"x":13,"y":21}},{"o":{"x":12,"y":21},"d":{"x":11,"y":21}},{"o":{"x":10,"y":21},"d":{"x":9,"y":21}},{"o":{"x":6,"y":21},"d":{"x":5,"y":21}},{"o":{"x":5,"y":21},"d":{"x":4,"y":21}},{"o":{"x":18,"y":22},"d":{"x":17,"y":22}},{"o":{"x":16,"y":22},"d":{"x":15,"y":22}},{"o":{"x":15,"y":22},"d":{"x":14,"y":22}},{"o":{"x":13,"y":22},"d":{"x":12,"y":22}},{"o":{"x":10,"y":22},"d":{"x":9,"y":22}},{"o":{"x":9,"y":22},"d":{"x":8,"y":22}},{"o":{"x":7,"y":22},"d":{"x":6,"y":22}},{"o":{"x":6,"y":22},"d":{"x":5,"y":22}},{"o":{"x":22,"y":22},"d":{"x":21,"y":22}},{"o":{"x":19,"y":23},"d":{"x":18,"y":23}},{"o":{"x":17,"y":23},"d":{"x":16,"y":23}},{"o":{"x":16,"y":23},"d":{"x":15,"y":23}},{"o":{"x":15,"y":23},"d":{"x":14,"y":23}},{"o":{"x":14,"y":23},"d":{"x":13,"y":23}},{"o":{"x":11,"y":23},"d":{"x":10,"y":23}},{"o":{"x":8,"y":23},"d":{"x":7,"y":23}},{"o":{"x":6,"y":23},"d":{"x":5,"y":23}},{"o":{"x":21,"y":23},"d":{"x":20,"y":23}},{"o":{"x":18,"y":5},"d":{"x":17,"y":5}},{"o":{"x":14,"y":5},"d":{"x":13,"y":5}},{"o":{"x":13,"y":5},"d":{"x":12,"y":5}},{"o":{"x":12,"y":5},"d":{"x":11,"y":5}},{"o":{"x":11,"y":5},"d":{"x":10,"y":5}},{"o":{"x":19,"y":6},"d":{"x":18,"y":6}},{"o":{"x":15,"y":6},"d":{"x":14,"y":6}},{"o":{"x":12,"y":6},"d":{"x":11,"y":6}},{"o":{"x":10,"y":6},"d":{"x":9,"y":6}},{"o":{"x":9,"y":6},"d":{"x":8,"y":6}},{"o":{"x":8,"y":6},"d":{"x":7,"y":6}},{"o":{"x":7,"y":6},"d":{"x":6,"y":6}},{"o":{"x":6,"y":6},"d":{"x":5,"y":6}},{"o":{"x":5,"y":6},"d":{"x":4,"y":6}},{"o":{"x":21,"y":6},"d":{"x":20,"y":6}},{"o":{"x":19,"y":7},"d":{"x":18,"y":7}},{"o":{"x":17,"y":7},"d":{"x":16,"y":7}},{"o":{"x":16,"y":7},"d":{"x":15,"y":7}},{"o":{"x":11,"y":7},"d":{"x":10,"y":7}},{"o":{"x":10,"y":7},"d":{"x":9,"y":7}},{"o":{"x":9,"y":7},"d":{"x":8,"y":7}},{"o":{"x":8,"y":7},"d":{"x":7,"y":7}},{"o":{"x":7,"y":7},"d":{"x":6,"y":7}},{"o":{"x":20,"y":7},"d":{"x":19,"y":7}},{"o":{"x":18,"y":8},"d":{"x":17,"y":8}},{"o":{"x":17,"y":8},"d":{"x":16,"y":8}},{"o":{"x":12,"y":8},"d":{"x":11,"y":8}},{"o":{"x":5,"y":8},"d":{"x":4,"y":8}},{"o":{"x":21,"y":8},"d":{"x":20,"y":8}},{"o":{"x":20,"y":8},"d":{"x":19,"y":8}},{"o":{"x":19,"y":9},"d":{"x":18,"y":9}},{"o":{"x":13,"y":9},"d":{"x":12,"y":9}},{"o":{"x":11,"y":9},"d":{"x":10,"y":9}},{"o":{"x":9,"y":9},"d":{"x":8,"y":9}},{"o":{"x":8,"y":9},"d":{"x":7,"y":9}},{"o":{"x":22,"y":9},"d":{"x":21,"y":9}},{"o":{"x":19,"y":10},"d":{"x":18,"y":10}},{"o":{"x":18,"y":10},"d":{"x":17,"y":10}},{"o":{"x":15,"y":10},"d":{"x":14,"y":10}},{"o":{"x":12,"y":10},"d":{"x":11,"y":10}},{"o":{"x":10,"y":10},"d":{"x":9,"y":10}},{"o":{"x":5,"y":10},"d":{"x":4,"y":10}},{"o":{"x":21,"y":10},"d":{"x":20,"y":10}},{"o":{"x":20,"y":10},"d":{"x":19,"y":10}},{"o":{"x":19,"y":11},"d":{"x":18,"y":11}},{"o":{"x":18,"y":11},"d":{"x":17,"y":11}},{"o":{"x":17,"y":11},"d":{"x":16,"y":11}},{"o":{"x":13,"y":11},"d":{"x":12,"y":11}},{"o":{"x":11,"y":11},"d":{"x":10,"y":11}},{"o":{"x":9,"y":11},"d":{"x":8,"y":11}},{"o":{"x":22,"y":11},"d":{"x":21,"y":11}},{"o":{"x":18,"y":12},"d":{"x":17,"y":12}},{"o":{"x":17,"y":12},"d":{"x":16,"y":12}},{"o":{"x":16,"y":12},"d":{"x":15,"y":12}},{"o":{"x":14,"y":12},"d":{"x":13,"y":12}},{"o":{"x":10,"y":12},"d":{"x":9,"y":12}},{"o":{"x":8,"y":12},"d":{"x":7,"y":12}},{"o":{"x":5,"y":12},"d":{"x":4,"y":12}},{"o":{"x":21,"y":12},"d":{"x":20,"y":12}},{"o":{"x":16,"y":13},"d":{"x":15,"y":13}},{"o":{"x":15,"y":13},"d":{"x":14,"y":13}},{"o":{"x":13,"y":13},"d":{"x":12,"y":13}},{"o":{"x":11,"y":13},"d":{"x":10,"y":13}},{"o":{"x":9,"y":13},"d":{"x":8,"y":13}},{"o":{"x":6,"y":13},"d":{"x":5,"y":13}},{"o":{"x":22,"y":13},"d":{"x":21,"y":13}},{"o":{"x":18,"y":24},"d":{"x":17,"y":24}},{"o":{"x":17,"y":24},"d":{"x":16,"y":24}},{"o":{"x":16,"y":24},"d":{"x":15,"y":24}},{"o":{"x":15,"y":24},"d":{"x":14,"y":24}},{"o":{"x":12,"y":24},"d":{"x":11,"y":24}},{"o":{"x":7,"y":24},"d":{"x":6,"y":24}},{"o":{"x":5,"y":24},"d":{"x":4,"y":24}},{"o":{"x":20,"y":24},"d":{"x":19,"y":24}},{"o":{"x":17,"y":25},"d":{"x":16,"y":25}},{"o":{"x":16,"y":25},"d":{"x":15,"y":25}},{"o":{"x":14,"y":25},"d":{"x":13,"y":25}},{"o":{"x":13,"y":25},"d":{"x":12,"y":25}},{"o":{"x":12,"y":25},"d":{"x":11,"y":25}},{"o":{"x":6,"y":25},"d":{"x":5,"y":25}},{"o":{"x":18,"y":26},"d":{"x":17,"y":26}},{"o":{"x":16,"y":26},"d":{"x":15,"y":26}},{"o":{"x":15,"y":26},"d":{"x":14,"y":26}},{"o":{"x":13,"y":26},"d":{"x":12,"y":26}},{"o":{"x":12,"y":26},"d":{"x":11,"y":26}},{"o":{"x":11,"y":26},"d":{"x":10,"y":26}},{"o":{"x":7,"y":26},"d":{"x":6,"y":26}},{"o":{"x":5,"y":26},"d":{"x":4,"y":26}},{"o":{"x":19,"y":27},"d":{"x":18,"y":27}},{"o":{"x":17,"y":27},"d":{"x":16,"y":27}},{"o":{"x":8,"y":27},"d":{"x":7,"y":27}},{"o":{"x":7,"y":27},"d":{"x":6,"y":27}},{"o":{"x":6,"y":27},"d":{"x":5,"y":27}},{"o":{"x":5,"y":27},"d":{"x":4,"y":27}},{"o":{"x":19,"y":28},"d":{"x":18,"y":28}},{"o":{"x":18,"y":28},"d":{"x":17,"y":28}},{"o":{"x":17,"y":28},"d":{"x":16,"y":28}},{"o":{"x":16,"y":28},"d":{"x":15,"y":28}},{"o":{"x":15,"y":28},"d":{"x":14,"y":28}},{"o":{"x":14,"y":28},"d":{"x":13,"y":28}},{"o":{"x":13,"y":28},"d":{"x":12,"y":28}},{"o":{"x":12,"y":28},"d":{"x":11,"y":28}},{"o":{"x":11,"y":28},"d":{"x":10,"y":28}},{"o":{"x":10,"y":28},"d":{"x":9,"y":28}},{"o":{"x":9,"y":28},"d":{"x":8,"y":28}},{"o":{"x":8,"y":28},"d":{"x":7,"y":28}},{"o":{"x":7,"y":28},"d":{"x":6,"y":28}},{"o":{"x":6,"y":28},"d":{"x":5,"y":28}},{"o":{"x":5,"y":28},"d":{"x":4,"y":28}},{"o":{"x":22,"y":28},"d":{"x":21,"y":28}},{"o":{"x":21,"y":28},"d":{"x":20,"y":28}},{"o":{"x":20,"y":28},"d":{"x":19,"y":28}},{"o":{"x":17,"y":14},"d":{"x":16,"y":14}},{"o":{"x":14,"y":14},"d":{"x":13,"y":14}},{"o":{"x":12,"y":14},"d":{"x":11,"y":14}},{"o":{"x":10,"y":14},"d":{"x":9,"y":14}},{"o":{"x":6,"y":14},"d":{"x":5,"y":14}},{"o":{"x":21,"y":14},"d":{"x":20,"y":14}},{"o":{"x":18},"d":{"x":18,"y":1}},{"o":{"x":20},"d":{"x":20,"y":1}},{"o":{"x":22},"d":{"x":22,"y":1}},{"o":{"x":14},"d":{"x":14,"y":1}},{"o":{"x":16},"d":{"x":16,"y":1}},{"o":{"x":8},"d":{"x":8,"y":1}},{"o":{"x":10},"d":{"x":10,"y":1}},{"o":{"x":6},"d":{"x":6,"y":1}},{"o":{"x":19},"d":{"x":18}},{"o":{"x":18},"d":{"x":17}},{"o":{"x":17},"d":{"x":16}},{"o":{"x":16},"d":{"x":15}},{"o":{"x":15},"d":{"x":14}},{"o":{"x":14},"d":{"x":13}},{"o":{"x":13},"d":{"x":12}},{"o":{"x":12},"d":{"x":11}},{"o":{"x":11},"d":{"x":10}},{"o":{"x":10},"d":{"x":9}},{"o":{"x":9},"d":{"x":8}},{"o":{"x":8},"d":{"x":7}},{"o":{"x":7},"d":{"x":6}},{"o":{"x":6},"d":{"x":5}},{"o":{"x":5},"d":{"x":4}},{"o":{"x":22},"d":{"x":21}},{"o":{"x":21},"d":{"x":20}},{"o":{"x":20},"d":{"x":19}},{"o":{"x":19,"y":1},"d":{"x":18,"y":1}},{"o":{"x":12,"y":1},"d":{"x":11,"y":1}},{"o":{"x":6,"y":1},"d":{"x":5,"y":1}},{"o":{"x":18,"y":2},"d":{"x":18,"y":3}},{"o":{"x":20,"y":2},"d":{"x":20,"y":3}},{"o":{"x":22,"y":2},"d":{"x":22,"y":3}},{"o":{"x":14,"y":2},"d":{"x":14,"y":3}},{"o":{"x":12,"y":2},"d":{"x":12,"y":3}},{"o":{"x":6,"y":2},"d":{"x":6,"y":3}},{"o":{"x":4,"y":2},"d":{"x":4,"y":3}},{"o":{"x":18,"y":2},"d":{"x":17,"y":2}},{"o":{"x":17,"y":2},"d":{"x":16,"y":2}},{"o":{"x":16,"y":2},"d":{"x":15,"y":2}},{"o":{"x":14,"y":2},"d":{"x":13,"y":2}},{"o":{"x":13,"y":2},"d":{"x":12,"y":2}},{"o":{"x":11,"y":2},"d":{"x":10,"y":2}},{"o":{"x":10,"y":2},"d":{"x":9,"y":2}},{"o":{"x":9,"y":2},"d":{"x":8,"y":2}},{"o":{"x":8,"y":2},"d":{"x":7,"y":2}},{"o":{"x":7,"y":2},"d":{"x":6,"y":2}},{"o":{"x":21,"y":2},"d":{"x":20,"y":2}},{"o":{"x":20,"y":2},"d":{"x":19,"y":2}},{"o":{"x":19,"y":3},"d":{"x":18,"y":3}},{"o":{"x":17,"y":3},"d":{"x":16,"y":3}},{"o":{"x":15,"y":3},"d":{"x":14,"y":3}},{"o":{"x":12,"y":3},"d":{"x":11,"y":3}},{"o":{"x":11,"y":3},"d":{"x":10,"y":3}},{"o":{"x":10,"y":3},"d":{"x":9,"y":3}},{"o":{"x":9,"y":3},"d":{"x":8,"y":3}},{"o":{"x":8,"y":3},"d":{"x":7,"y":3}},{"o":{"x":6,"y":3},"d":{"x":5,"y":3}},{"o":{"x":5,"y":3},"d":{"x":4,"y":3}},{"o":{"x":22,"y":3},"d":{"x":21,"y":3}},{"o":{"x":22,"y":1},"d":{"x":22,"y":2}},{"o":{"x":21,"y":1},"d":{"x":21,"y":2}},{"o":{"x":19,"y":1},"d":{"x":19,"y":2}},{"o":{"x":17,"y":1},"d":{"x":17,"y":2}},{"o":{"x":15,"y":1},"d":{"x":15,"y":2}},{"o":{"x":13,"y":1},"d":{"x":13,"y":2}},{"o":{"x":11,"y":1},"d":{"x":11,"y":2}},{"o":{"x":9,"y":1},"d":{"x":9,"y":2}},{"o":{"x":7,"y":1},"d":{"x":7,"y":2}},{"o":{"x":5,"y":1},"d":{"x":5,"y":2}},{"o":{"x":4,"y":1},"d":{"x":4,"y":2}},{"o":{"y":1},"d":{"y":2}},{"o":{"x":22,"y":3},"d":{"x":22,"y":4}},{"o":{"x":20,"y":3},"d":{"x":20,"y":4}},{"o":{"x":18,"y":3},"d":{"x":18,"y":4}},{"o":{"x":16,"y":3},"d":{"x":16,"y":4}},{"o":{"x":15,"y":3},"d":{"x":15,"y":4}},{"o":{"x":13,"y":3},"d":{"x":13,"y":4}},{"o":{"x":11,"y":3},"d":{"x":11,"y":4}},{"o":{"x":9,"y":3},"d":{"x":9,"y":4}},{"o":{"x":7,"y":3},"d":{"x":7,"y":4}},{"o":{"x":3,"y":3},"d":{"x":3,"y":4}},{"o":{"x":2,"y":3},"d":{"x":2,"y":4}},{"o":{"x":1,"y":3},"d":{"x":1,"y":4}},{"o":{"y":3},"d":{"y":4}},{"o":{"x":22,"y":4},"d":{"x":22,"y":5}},{"o":{"x":21,"y":4},"d":{"x":21,"y":5}},{"o":{"x":19,"y":4},"d":{"x":19,"y":5}},{"o":{"x":18,"y":4},"d":{"x":18,"y":5}},{"o":{"x":16,"y":4},"d":{"x":16,"y":5}},{"o":{"x":15,"y":4},"d":{"x":15,"y":5}},{"o":{"x":14,"y":4},"d":{"x":14,"y":5}},{"o":{"x":10,"y":4},"d":{"x":10,"y":5}},{"o":{"x":9,"y":4},"d":{"x":9,"y":5}},{"o":{"x":8,"y":4},"d":{"x":8,"y":5}},{"o":{"x":7,"y":4},"d":{"x":7,"y":5}},{"o":{"x":5,"y":4},"d":{"x":5,"y":5}},{"o":{"x":2,"y":4},"d":{"x":2,"y":5}},{"o":{"x":1,"y":4},"d":{"x":1,"y":5}},{"o":{"y":4},"d":{"y":5}},{"o":{"x":21,"y":4},"d":{"x":20,"y":4}},{"o":{"x":20,"y":4},"d":{"x":19,"y":4}},{"o":{"x":18,"y":4},"d":{"x":17,"y":4}},{"o":{"x":14,"y":4},"d":{"x":13,"y":4}},{"o":{"x":12,"y":4},"d":{"x":11,"y":4}},{"o":{"x":7,"y":4},"d":{"x":6,"y":4}},{"o":{"x":6,"y":4},"d":{"x":5,"y":4}},{"o":{"x":5,"y":4},"d":{"x":4,"y":4}},{"o":{"x":4,"y":4},"d":{"x":3,"y":4}},{"o":{},"d":{"y":1}},{"o":{"x":3,"y":2},"d":{"x":3,"y":3}},{"o":{"x":1,"y":2},"d":{"x":1,"y":3}},{"o":{"y":2},"d":{"y":3}},{"o":{"x":4},"d":{"x":3}},{"o":{"x":3},"d":{"x":2}},{"o":{"x":2},"d":{"x":1}},{"o":{"x":1},"d":{}},{"o":{"x":4,"y":1},"d":{"x":3,"y":1}},{"o":{"x":3,"y":1},"d":{"x":2,"y":1}},{"o":{"x":2,"y":1},"d":{"x":1,"y":1}},{"o":{"x":1,"y":1},"d":{"y":1}},{"o":{"x":3,"y":2},"d":{"x":2,"y":2}},{"o":{"x":2,"y":2},"d":{"x":1,"y":2}},{"o":{"x":4,"y":5},"d":{"x":3,"y":5}},{"o":{"x":3,"y":5},"d":{"x":2,"y":5}},{"o":{"x":3,"y":6},"d":{"x":2,"y":6}},{"o":{"x":2,"y":6},"d":{"x":1,"y":6}},{"o":{"x":4,"y":7},"d":{"x":3,"y":7}},{"o":{"x":3,"y":7},"d":{"x":2,"y":7}},{"o":{"x":2,"y":8},"d":{"x":1,"y":8}},{"o":{"x":4,"y":9},"d":{"x":3,"y":9}},{"o":{"x":1,"y":9},"d":{"y":9}},{"o":{"x":2,"y":10},"d":{"x":1,"y":10}},{"o":{"x":4,"y":11},"d":{"x":3,"y":11}},{"o":{"x":2,"y":11},"d":{"x":1,"y":11}},{"o":{"x":3,"y":12},"d":{"x":2,"y":12}},{"o":{"x":1,"y":12},"d":{"y":12}},{"o":{"x":4,"y":13},"d":{"x":3,"y":13}},{"o":{"x":2,"y":13},"d":{"x":1,"y":13}},{"o":{"x":3,"y":14},"d":{"x":2,"y":14}},{"o":{"x":1,"y":14},"d":{"y":14}},{"o":{"x":4,"y":15},"d":{"x":3,"y":15}},{"o":{"x":2,"y":15},"d":{"x":1,"y":15}},{"o":{"x":2,"y":16},"d":{"x":1,"y":16}},{"o":{"x":4,"y":17},"d":{"x":3,"y":17}},{"o":{"x":3,"y":17},"d":{"x":2,"y":17}},{"o":{"x":3,"y":18},"d":{"x":2,"y":18}},{"o":{"x":2,"y":18},"d":{"x":1,"y":18}},{"o":{"x":3,"y":20},"d":{"x":2,"y":20}},{"o":{"x":2,"y":19},"d":{"x":1,"y":19}},{"o":{"x":1,"y":20},"d":{"y":20}},{"o":{"x":3,"y":21},"d":{"x":2,"y":21}},{"o":{"x":2,"y":21},"d":{"x":1,"y":21}},{"o":{"x":4,"y":22},"d":{"x":3,"y":22}},{"o":{"x":1,"y":22},"d":{"y":22}},{"o":{"x":2,"y":23},"d":{"x":1,"y":23}},{"o":{"x":2,"y":24},"d":{"x":1,"y":24}},{"o":{"x":4,"y":25},"d":{"x":3,"y":25}},{"o":{"x":3,"y":25},"d":{"x":2,"y":25}},{"o":{"x":1,"y":25},"d":{"y":25}},{"o":{"x":3,"y":26},"d":{"x":2,"y":26}},{"o":{"x":2,"y":26},"d":{"x":1,"y":26}},{"o":{"x":4,"y":27},"d":{"x":3,"y":27}},{"o":{"x":3,"y":27},"d":{"x":2,"y":27}},{"o":{"x":4,"y":28},"d":{"x":3,"y":28}},{"o":{"x":3,"y":28},"d":{"x":2,"y":28}},{"o":{"x":2,"y":28},"d":{"x":1,"y":28}},{"o":{"x":1,"y":28},"d":{"y":28}},{"o":{"x":3,"y":7},"d":{"x":3,"y":8}},{"o":{"x":3,"y":8},"d":{"x":3,"y":9}},{"o":{"x":3,"y":9},"d":{"x":3,"y":10}},{"o":{"x":3,"y":10},"d":{"x":3,"y":11}},{"o":{"x":3,"y":11},"d":{"x":3,"y":12}},{"o":{"x":3,"y":15},"d":{"x":3,"y":16}},{"o":{"x":3,"y":18},"d":{"x":3,"y":19}},{"o":{"x":3,"y":19},"d":{"x":3,"y":20}},{"o":{"x":3,"y":20},"d":{"x":3,"y":21}},{"o":{"x":3,"y":22},"d":{"x":3,"y":23}},{"o":{"x":3,"y":23},"d":{"x":3,"y":24}},{"o":{"x":3,"y":24},"d":{"x":3,"y":25}},{"o":{"x":3,"y":25},"d":{"x":3,"y":26}},{"o":{"x":2,"y":6},"d":{"x":2,"y":7}},{"o":{"x":2,"y":8},"d":{"x":2,"y":9}},{"o":{"x":2,"y":9},"d":{"x":2,"y":10}},{"o":{"x":2,"y":10},"d":{"x":2,"y":11}},{"o":{"x":2,"y":12},"d":{"x":2,"y":13}},{"o":{"x":2,"y":13},"d":{"x":2,"y":14}},{"o":{"x":2,"y":14},"d":{"x":2,"y":15}},{"o":{"x":2,"y":15},"d":{"x":2,"y":16}},{"o":{"x":2,"y":16},"d":{"x":2,"y":17}},{"o":{"x":2,"y":21},"d":{"x":2,"y":22}},{"o":{"x":2,"y":22},"d":{"x":2,"y":23}},{"o":{"x":2,"y":23},"d":{"x":2,"y":24}},{"o":{"x":1,"y":5},"d":{"x":1,"y":6}},{"o":{"x":1,"y":7},"d":{"x":1,"y":8}},{"o":{"x":1,"y":11},"d":{"x":1,"y":12}},{"o":{"x":1,"y":17},"d":{"x":1,"y":18}},{"o":{"x":1,"y":19},"d":{"x":1,"y":20}},{"o":{"x":1,"y":24},"d":{"x":1,"y":25}},{"o":{"x":1,"y":26},"d":{"x":1,"y":27}},{"o":{"y":11},"d":{"y":12}},{"o":{"y":13},"d":{"y":14}},{"o":{"y":14},"d":{"y":15}},{"o":{"y":10},"d":{"y":11}},{"o":{"y":12},"d":{"y":13}},{"o":{"y":6},"d":{"y":7}},{"o":{"y":8},"d":{"y":9}},{"o":{"y":9},"d":{"y":10}},{"o":{"y":5},"d":{"y":6}},{"o":{"y":7},"d":{"y":8}},{"o":{"y":16},"d":{"y":17}},{"o":{"y":18},"d":{"y":19}},{"o":{"y":19},"d":{"y":20}},{"o":{"y":15},"d":{"y":16}},{"o":{"y":17},"d":{"y":18}},{"o":{"y":26},"d":{"y":27}},{"o":{"y":25},"d":{"y":26}},{"o":{"y":27},"d":{"y":28}},{"o":{"y":21},"d":{"y":22}},{"o":{"y":23},"d":{"y":24}},{"o":{"y":24},"d":{"y":25}},{"o":{"y":20},"d":{"y":21}},{"o":{"y":22},"d":{"y":23}},{"o":{"x":21,"y":25},"d":{"x":21,"y":26}}],"i":[],"e":[],"t":[]}