{"r":9,"c":7,"s":{"y":6},"f":{"x":5,"y":8},"h":[{"y":7},{"y":8},{"x":1,"y":8},{"x":1,"y":7},{"x":1,"y":6},{"x":1,"y":5},{"x":1,"y":4},{"x":1,"y":3},{"x":1,"y":2},{"x":1,"y":1},{"x":1},{"x":2},{"x":2,"y":1},{"x":3,"y":1},{"x":4,"y":1},{"x":5,"y":1},{"x":5,"y":2},{"x":5,"y":3},{"x":5,"y":4},{"x":5,"y":5},{"x":5,"y":6},{"x":5,"y":7}],"w":[{"o":{"y":4},"d":{"y":3}},{"o":{"x":7,"y":9},"d":{"x":7,"y":8}},{"o":{"x":7,"y":8},"d":{"x":7,"y":7}},{"o":{"x":7,"y":7},"d":{"x":7,"y":6}},{"o":{"x":7,"y":6},"d":{"x":7,"y":5}},{"o":{"x":7,"y":5},"d":{"x":7,"y":4}},{"o":{"x":7,"y":4},"d":{"x":7,"y":3}},{"o":{"x":7,"y":3},"d":{"x":7,"y":2}},{"o":{"x":7,"y":2},"d":{"x":7,"y":1}},{"o":{"x":7,"y":1},"d":{"x":7}},{"o":{"x":1,"y":9},"d":{"x":2,"y":9}},{"o":{"x":2,"y":9},"d":{"x":3,"y":9}},{"o":{"x":3,"y":9},"d":{"x":4,"y":9}},{"o":{"x":4,"y":9},"d":{"x":5,"y":9}},{"o":{"x":5,"y":9},"d":{"x":6,"y":9}},{"o":{"x":6,"y":9},"d":{"x":7,"y":9}},{"o":{"y":9},"d":{"x":1,"y":9}},{"o":{"y":9},"d":{"y":8}},{"o":{"y":8},"d":{"y":7}},{"o":{"y":7},"d":{"y":6}},{"o":{"y":6},"d":{"y":5}},{"o":{"y":5},"d":{"y":4}},{"o":{"y":2},"d":{"y":1}},{"o":{"y":1},"d":{}},{"o":{"y":3},"d":{"y":2}},{"o":{"x":1,"y":4},"d":{"x":1,"y":3}},{"o":{"x":1,"y":8},"d":{"x":1,"y":7}},{"o":{"x":1,"y":7},"d":{"x":1,"y":6}},{"o":{"x":1,"y":6},"d":{"x":1,"y":5}},{"o":{"x":1,"y":5},"d":{"x":1,"y":4}},{"o":{"x":1,"y":2},"d":{"x":1,"y":1}},{"o":{"x":1,"y":3},"d":{"x":1,"y":2}},{"o":{"x":2,"y":9},"d":{"x":2,"y":8}},{"o":{"x":2,"y":7},"d":{"x":2,"y":6}},{"o":{"x":2,"y":2},"d":{"x":2,"y":1}},{"o":{"x":2,"y":3},"d":{"x":2,"y":2}},{"o":{"x":4,"y":1},"d":{"x":4}},{"o":{"x":5,"y":9},"d":{"x":5,"y":8}},{"o":{"x":5,"y":8},"d":{"x":5,"y":7}},{"o":{"x":5,"y":7},"d":{"x":5,"y":6}},{"o":{"x":5,"y":1},"d":{"x":5}},{"o":{"x":6,"y":4},"d":{"x":6,"y":3}},{"o":{"x":6,"y":9},"d":{"x":6,"y":8}},{"o":{"x":6,"y":7},"d":{"x":6,"y":6}},{"o":{"x":6,"y":6},"d":{"x":6,"y":5}},{"o":{"x":6,"y":5},"d":{"x":6,"y":4}},{"o":{"x":6,"y":3},"d":{"x":6,"y":2}},{"o":{"x":2,"y":3},"d":{"x":3,"y":3}},{"o":{"x":3,"y":3},"d":{"x":4,"y":3}},{"o":{"x":4,"y":3},"d":{"x":5,"y":3}},{"o":{},"d":{"x":1}},{"o":{"x":1},"d":{"x":2}},{"o":{"x":2},"d":{"x":3}},{"o":{"x":3},"d":{"x":4}},{"o":{"x":4},"d":{"x":5}},{"o":{"x":5},"d":{"x":6}},{"o":{"x":6},"d":{"x":7}},{"o":{"x":3,"y":1},"d":{"x":4,"y":1}},{"o":{"x":2,"y":2},"d":{"x":3,"y":2}},{"o":{"x":3,"y":2},"d":{"x":4,"y":2}},{"o":{"x":4,"y":2},"d":{"x":5,"y":2}},{"o":{"y":6},"d":{"x":1,"y":6}},{"o":{"x":6,"y":6},"d":{"x":7,"y":6}},{"o":{"x":2,"y":7},"d":{"x":3,"y":7}},{"o":{"x":3,"y":7},"d":{"x":4,"y":7}},{"o":{"x":2,"y":8},"d":{"x":3,"y":8}},{"o":{"x":4,"y":8},"d":{"x":5,"y":8}},{"o":{"x":5,"y":1},"d":{"x":6,"y":1}},{"o":{"x":4,"y":8},"d":{"x":4,"y":7}}],"i":[{"x":1.5,"y":5.5},{"x":2.5,"y":5.5},{"x":3.5,"y":5.5},{"x":4.5,"y":5.5},{"x":1.5,"y":4.5},{"x":2.5,"y":4.5},{"x":3.5,"y":4.5},{"x":4.5,"y":4.5},{"x":5.5,"y":5.5},{"x":5.5,"y":4.5},{"x":1.5,"y":3.5},{"x":2.5,"y":3.5},{"x":3.5,"y":3.5},{"x":4.5,"y":3.5},{"x":5.5,"y":3.5}],"e":[],"t":[]}